{
	"format_version": "1.8.0",
	"animations": {
		"animation.bisectoid.idle": {
			"loop": true,
			"animation_length": 0.66667,
			"bones": {
				"rightArm": {
					"rotation": {
						"0.0": [0, 0, 15],
						"0.2917": [0, 0, 30],
						"0.625": [0, 0, 15]
					}
				},
				"rightArm2": {
					"rotation": {
						"0.0": [0, 0, 70],
						"0.3333": [-40, 0, -7.5],
						"0.6667": [0, 0, 70]
					}
				},
				"leftArm2": {
					"rotation": {
						"0.0": [36.19714, 10.54794, -29.04397],
						"0.3333": [68.82494, -10.80749, -80.02473],
						"0.6667": [36.2, 10.55, -29.04]
					}
				},
				"rightLeg2": {
					"rotation": {
						"0.0": [27.02548, 11.01544, 22.37526],
						"0.3333": [-0.47452, 11.01544, 22.37526],
						"0.6667": [27.02548, 11.01544, 22.37526]
					}
				},
				"leftLeg2": {
					"rotation": {
						"0.0": [34.0724, 8.53726, -12.37961],
						"0.3333": [24.23178, 26.06465, -44.31081],
						"0.6667": [34.0724, 8.53726, -12.37961]
					}
				},
				"leftArm": {
					"rotation": {
						"0.0": [0, 0, -15],
						"0.2917": [0, 0, -25],
						"0.625": [0, 0, -15]
					}
				},
				"rightLeg": {
					"rotation": {
						"0.0": [9.85108, -1.72794, 9.85108],
						"0.2917": [-2.65, -1.73, 9.85],
						"0.625": [9.85108, -1.72794, 9.85108]
					}
				},
				"leftLeg": {
					"rotation": {
						"0.0": [9.91615, 1.29876, -7.38733],
						"0.2917": [-7.58385, 1.29876, -7.38733],
						"0.625": [9.91615, 1.29876, -7.38733]
					}
				},
				"body": {
					"rotation": {
						"0.0": [0, 0, 0],
						"0.2917": [5, 0, 0],
						"0.625": [0, 0, 0]
					}
				},
				"body2": {
					"rotation": [15, 0, 0]
				}
			}
		},
		"animation.bisectoid.move": {
			"loop": true,
			"animation_length": 0.66667,
			"bones": {
				"body": {
					"rotation": {
						"0.0": [0, 0, 0],
						"0.1667": [-12.5, 0, 0],
						"0.3333": [-4.99527, 0.21782, 2.4905],
						"0.5": [-12.5, 0, 0],
						"0.6667": [0, 0, 0]
					}
				},
				"rightArm": {
					"rotation": {
						"0.0": [0, 0, 15],
						"0.1667": [-70, 0, 0],
						"0.3333": [0, 0, 0],
						"0.5": [80, 0, 0],
						"0.6667": [0, 0, 15]
					}
				},
				"leftArm": {
					"rotation": {
						"0.0": [0, 0, -15],
						"0.1667": [85, 0, 0],
						"0.3333": [0, 0, 0],
						"0.5": [-110, 0, 0],
						"0.6667": [0, 0, -15]
					}
				},
				"rightLeg": {
					"rotation": {
						"0.0": [0, 0, 0],
						"0.1667": [70, 0, 0],
						"0.3333": [0, 0, 0],
						"0.5": [-75, 0, 0],
						"0.6667": [0, 0, 0]
					}
				},
				"leftLeg": {
					"rotation": {
						"0.0": [0, 0, 0],
						"0.2083": [-67.5, 0, 0],
						"0.375": [0, 0, 0],
						"0.5417": [45, 0, 0],
						"0.6667": [0, 0, 0]
					}
				},
				"waist": {
					"rotation": {
						"0.0": [-7.5, 0, 0],
						"0.1667": [-7.38733, 1.29876, 9.91615],
						"0.3333": [-7.5, 0, 0],
						"0.5": [-7.24721, -1.93597, -14.87739],
						"0.625": [-7.5, 0, 0]
					},
					"position": {
						"0.0": [0, -2, 0],
						"0.1667": [0, 2, 0],
						"0.3333": [0, -2, 0],
						"0.5": [0, 2, 0],
						"0.625": [0, -2, 0]
					}
				}
			}
		},
		"animation.bisectoid.move_alt": {
			"loop": true,
			"animation_length": 0.66667,
			"bones": {
				"body": {
					"rotation": {
						"0.0417": [0, 0, 0],
						"0.125": [0, 0, 0],
						"0.5": [0, 0, 180]
					},
					"position": {
						"0.0": [0, 0, 0],
						"0.125": [0, -5, 0],
						"0.25": [0, 0, 0],
						"0.4583": [0, 0, 0]
					},
					"scale": {
						"0.0": [1, 1, 1],
						"0.125": [1, 0.8, 1],
						"0.25": [1, 1.1, 1],
						"0.4583": [1, 1.1, 1],
						"0.5417": [1, 0.8, 1],
						"0.625": [1, 1, 1]
					}
				},
				"rightLeg": {
					"rotation": {
						"0.0": [0, 0, 0],
						"0.2083": [0, 0, 60],
						"0.5": [0, 0, 60],
						"0.6667": [0, 0, 0]
					}
				},
				"leftLeg": {
					"rotation": {
						"0.0": [0, 0, 0],
						"0.2083": [0, 0, -57.5],
						"0.5": [0, 0, -57.5],
						"0.6667": [0, 0, 0]
					}
				},
				"waist": {
					"position": {
						"0.0": [0, 0, 0],
						"0.1667": [0, -4, 0],
						"0.375": [0, 27, 0],
						"0.6667": [0, 0, 0]
					}
				},
				"rightArm2": {
					"rotation": {
						"0.0": [0, 0, 0],
						"0.2083": [0, 0, 35],
						"0.4583": [0, 0, 35],
						"0.6667": [0, 0, 0]
					}
				},
				"leftArm2": {
					"rotation": {
						"0.0": [0, 0, 0],
						"0.2083": [0, 0, -47.5],
						"0.4583": [0, 0, -47.5],
						"0.6667": [0, 0, 0]
					}
				},
				"rightLeg2": {
					"rotation": {
						"0.0": [0, 0, 0],
						"0.2083": [0, 0, 60],
						"0.5": [0, 0, 60],
						"0.6667": [0, 0, 0]
					}
				},
				"leftLeg2": {
					"rotation": {
						"0.0": [0, 0, 0],
						"0.2083": [0, 0, -57.5],
						"0.5": [0, 0, -57.5],
						"0.6667": [0, 0, 0]
					}
				},
				"rightArm": {
					"rotation": {
						"0.0": [0, 0, 0],
						"0.2083": [0, 0, 35],
						"0.4583": [0, 0, 35],
						"0.6667": [0, 0, 0]
					}
				},
				"leftArm": {
					"rotation": {
						"0.0": [0, 0, 0],
						"0.2083": [0, 0, -47.5],
						"0.4583": [0, 0, -47.5],
						"0.6667": [0, 0, 0]
					}
				}
			}
		}
	}
}