{
	"format_version": "1.8.0",
	"animations": {
		"animation.eyeless.idle": {
			"loop": true,
			"animation_length": 1.45833,
			"bones": {
				"fake_head": {
					"rotation": {
						"0.0": [
							-4.17251,
							2.65394,
							17.4033
						],
						"0.25": [
							-4.44745,
							1.98497,
							9.01607
						],
						"0.4583": [
							-4.82714,
							1.06876,
							-2.54505
						],
						"0.625": [
							-4.92504,
							0.43035,
							-10.01851
						],
						"0.7917": [
							12.15542,
							3.7662,
							-14.76258
						],
						"1.25": [
							-26.57003,
							3.00152,
							7.35147
						],
						"1.4583": [
							-4.17251,
							2.65394,
							17.4033
						]
					}
				},
				"body": {
					"rotation": {
						"0.0": [
							15,
							0,
							0
						],
						"0.6667": [
							5,
							0,
							0
						],
						"1.4583": [
							15,
							0,
							0
						]
					}
				},
				"leftLeg": {
					"rotation": {
						"0.0": [
							-17.35932,
							-2.24944,
							-2.15656
						],
						"0.6667": [
							-7.35932,
							-2.24944,
							-2.15656
						],
						"1.4583": [
							-17.35932,
							-2.24944,
							-2.15656
						]
					}
				},
				"rightLeg": {
					"rotation": {
						"0.0": [
							-17.5,
							0,
							5
						],
						"0.6667": [
							-10,
							0,
							5
						],
						"1.4583": [
							-17.5,
							0,
							5
						]
					}
				},
				"rightarm": {
					"rotation": {
						"0.0": [
							-45.01966,
							25.40649,
							-16.27635
						],
						"0.4583": [
							-67.42574,
							34.26739,
							-6.08878
						],
						"0.9167": [
							-35.6226,
							15.9429,
							-25.02018
						],
						"1.4583": [
							-45.01966,
							25.40649,
							-16.27635
						]
					}
				},
				"leftarm": {
					"rotation": {
						"0.0": [
							-45.01966,
							25.40649,
							-16.27635
						],
						"0.4583": [
							-90.50217,
							-3.51015,
							4.646
						],
						"0.9167": [
							-42.82793,
							30.1484,
							0.70521
						],
						"1.4583": [
							-45.01966,
							25.40649,
							-16.27635
						]
					}
				},
				"head": {
					"position": {
						"0.0": [
							-6,
							0,
							0
						],
						"0.125": [
							-5,
							-4,
							0
						],
						"0.25": [
							-2,
							-7,
							0
						],
						"0.375": [
							2,
							-7,
							0
						],
						"0.5": [
							5,
							-4,
							0
						],
						"0.625": [
							6,
							0,
							0
						],
						"0.75": [
							6,
							1,
							0
						],
						"0.875": [
							6,
							0,
							0
						],
						"1.0": [
							5,
							-4,
							0
						],
						"1.125": [
							2,
							-7,
							0
						],
						"1.2083": [
							-2,
							-7,
							0
						],
						"1.2917": [
							-5,
							-4,
							0
						],
						"1.375": [
							-6,
							0.5,
							0
						],
						"1.4583": [
							-6,
							0,
							0
						]
					},
					"scale": {
						"0.0": [
							3.3,
							3.1,
							1
						],
						"0.3333": [
							3.3,
							2.6,
							1
						],
						"0.7083": [
							3.3,
							3.1,
							1
						],
						"1.0833": [
							3.3,
							2.6,
							1
						],
						"1.4583": [
							3.3,
							3.1,
							1
						]
					},
					"rotation": [
						"query.camera_rotation(0)",
						"query.camera_rotation(1)",
						0.0
					]
				},
				"headerer": {
					"rotation": [
						"query.camera_rotation(0)",
						"query.camera_rotation(1)",
						0.0
					],
					"position": {
						"0.0": [
							0,
							0,
							11
						],
						"0.4583": [
							0,
							18,
							11
						],
						"1.0": [
							-15,
							9.36,
							11
						],
						"1.4583": [
							0,
							0,
							11
						]
					}
				}
			}
		},
		"animation.eyeless.eye": {
			"loop": true,
			"bones": {
				"head": {
					"scale": [
						1,
						0,
						1
					]
				}
			}
		},
		"animation.eyeless.move": {
			"loop": true,
			"animation_length": 0.95833,
			"bones": {
				"body": {
					"rotation": {
						"0.0": [
							0,
							0,
							0
						],
						"0.2083": [
							-22.5,
							0,
							-10
						],
						"0.4583": [
							0,
							0,
							0
						],
						"0.7083": [
							-24.52871,
							11.16374,
							0.34353
						],
						"0.9583": [
							0,
							0,
							0
						]
					},
					"position": {
						"0.0": [
							0,
							0,
							0
						],
						"0.2083": [
							0,
							0,
							-1
						],
						"0.4583": [
							0,
							0,
							0
						],
						"0.7083": [
							0,
							0,
							-1
						],
						"0.9583": [
							0,
							0,
							0
						]
					}
				},
				"fake_head": {
					"rotation": {
						"0.0": [
							0,
							0,
							0
						],
						"0.375": [
							-41.79505,
							-25.01686,
							-25.31665
						],
						"0.625": [
							-40.52037,
							10.70732,
							15.18277
						],
						"0.9583": [
							0,
							0,
							0
						]
					}
				},
				"leftLeg": {
					"rotation": {
						"0.0": [
							0,
							0,
							0
						],
						"0.2083": [
							-70,
							0,
							0
						],
						"0.4583": [
							0,
							0,
							0
						],
						"0.7083": [
							62.5,
							0,
							0
						],
						"0.9583": [
							0,
							0,
							0
						]
					}
				},
				"rightLeg": {
					"rotation": {
						"0.0": [
							0,
							0,
							0
						],
						"0.2083": [
							62.5,
							0,
							0
						],
						"0.4583": [
							0,
							0,
							0
						],
						"0.7083": [
							-70,
							0,
							0
						],
						"0.9583": [
							0,
							0,
							0
						]
					}
				},
				"rightarm": {
					"rotation": {
						"0.0": [
							-60,
							0,
							0
						],
						"0.2083": [
							-67.88041,
							25.44804,
							-18.40502
						],
						"0.4583": [
							-60,
							0,
							0
						],
						"0.7083": [
							-47.69879,
							-13.22139,
							25.28943
						],
						"0.9583": [
							-60,
							0,
							0
						]
					}
				},
				"leftarm": {
					"rotation": {
						"0.0": [
							-60,
							0,
							0
						],
						"0.2083": [
							-90.44972,
							-34.04115,
							38.38413
						],
						"0.4583": [
							-60,
							0,
							0
						],
						"0.7083": [
							-32.25336,
							2.74823,
							-21.56685
						],
						"0.9583": [
							-60,
							0,
							0
						]
					}
				},
				"rightItem": {
					"rotation": [
						0,
						0,
						0
					]
				},
				"head": {
					"rotation": [
						0,
						0,
						0
					]
				}
			}
		},
		"animation.eyeless.particles": {
			"loop": true,
			"animation_length": 0.95833,
			"sound_effects": {
				"0.0": {
					"effect": "eye_sound"
				},
				"0.5": {
					"effect": "villager_pain"
				}
			},
			"particle_effects": {
				"0.0": {
					"effect": "eye_particle"
				}
			}
		}
	}
}