{
	"format_version": "1.8.0",
	"animations": {
		"animation.spitter.idle": {
			"loop": true,
			"animation_length": 2.66667,
			"bones": {
				"head": {
					"rotation": {
						"0.0": [25, 0, -7.5],
						"0.5": [-40, 0, -7.5],
						"0.8333": [-21.89243, -22.79919, -34.80492],
						"1.375": [-60, 0, -7.5],
						"1.5833": [31.97632, -28.02432, 14.38151],
						"1.8333": [37.32976, -19.40145, 7.64874],
						"2.25": [36.31435, 30.53175, 26.36729],
						"2.6667": [25, 0, -7.5]
					}
				},
				"leg0": {
					"position": [-4, 0, -2],
					"scale": [1, 1, 1]
				},
				"leg1": {
					"position": [1, 1, -1],
					"scale": [1, 1.2, 1]
				},
				"leg2": {
					"position": [-2, 0, 0]
				},
				"leg3": {
					"position": [1, 1, 1],
					"scale": [1, 1.2, 1]
				},
				"torso": {
					"rotation": {
						"0.0": [0, 0, -17.5],
						"0.5417": [-11, 0, -17.5],
						"1.125": [4.5, 0, -17.5],
						"1.6667": [16, 0, -17.5],
						"2.25": [22, 0, -17.5],
						"2.6667": [0, 0, -17.5]
					}
				},
				"torso_mini": {
					"scale": {
						"0.0": [1, 1, 1],
						"0.2083": [1, 1.06, 1],
						"0.4167": [1, 1, 1],
						"0.6667": [1, 1, 1],
						"0.875": [1, 1.06, 1],
						"1.0833": [1, 1, 1],
						"1.2917": [1, 1, 1],
						"1.5": [1, 1.06, 1],
						"1.7083": [1, 1, 1],
						"1.875": [1, 1, 1],
						"2.0833": [1, 1.06, 1],
						"2.2917": [1, 1, 1]
					}
				},
				"torso_micro": {
					"rotation": [0, 0, 0],
					"scale": {
						"0.0": [1, 1, 1],
						"0.25": [1, 1, 1.2],
						"0.5": [1, 1, 1],
						"0.7917": [1, 1, 1],
						"1.0417": [1, 1, 1.2],
						"1.2917": [1, 1, 1],
						"1.5833": [1, 1, 1],
						"1.8333": [1, 1, 1.2],
						"2.0833": [1, 1, 1],
						"2.125": [1, 1, 1],
						"2.375": [1, 1, 1.2],
						"2.625": [1, 1, 1]
					}
				}
			}
		},
		"animation.spitter.walk": {
			"loop": true,
			"animation_length": 0.66667,
			"bones": {
				"body": {
					"position": {
						"0.0": [0, 0, 0],
						"0.1667": [0, -0.5, 0],
						"0.3333": [0, 0, 0],
						"0.5": [0, -0.5, 0],
						"0.6667": [0, 0, 0]
					},
					"scale": {
						"0.0": [1, 1, 1],
						"0.1667": [1, 0.95, 1],
						"0.3333": [1, 1, 1],
						"0.5": [1, 0.95, 1],
						"0.6667": [1, 1, 1]
					}
				},
				"leg0": {
					"rotation": {
						"0.0": [0, 0, 0],
						"0.1667": [52.5, 0, 0],
						"0.3333": [0, 0, 0],
						"0.5": [-75, 0, 0],
						"0.6667": [0, 0, 0]
					}
				},
				"leg1": {
					"rotation": {
						"0.0": [0, 0, 0],
						"0.1667": [-75, 0, 0],
						"0.3333": [0, 0, 0],
						"0.5": [52.5, 0, 0],
						"0.6667": [0, 0, 0]
					}
				},
				"leg2": {
					"rotation": {
						"0.0": [0, 0, 0],
						"0.1667": [-75, 0, 0],
						"0.3333": [0, 0, 0],
						"0.5": [52.5, 0, 0],
						"0.6667": [0, 0, 0]
					}
				},
				"leg3": {
					"rotation": {
						"0.0": [0, 0, 0],
						"0.1667": [52.5, 0, 0],
						"0.3333": [0, 0, 0],
						"0.5": [-75, 0, 0],
						"0.6667": [0, 0, 0]
					}
				}
			}
		},
		"animation.spitter.explode": {
			"loop": "hold_on_last_frame",
			"animation_length": 1.5,
			"bones": {
				"body": {
					"rotation": {
						"0.0": [0, 0, 0],
						"0.1667": [0, 0, -7.5],
						"0.2917": [0, 0, 5],
						"0.4583": [0, 0, -7.5],
						"0.6667": [0, 0, 5],
						"0.875": [0, 0, -2.5],
						"1.0417": [0, 0, 5],
						"1.2083": [0, 0, -7.5],
						"1.2917": [0, 0, 5],
						"1.375": [0, 0, -7.5],
						"1.4583": [0, 0, 5]
					},
					"scale": {
						"0.0": [1, 1, 1],
						"0.125": [1.2, 1, 1],
						"0.25": [1, 1, 1],
						"0.4167": [1, 1.2, 1],
						"0.625": [1, 1, 1],
						"0.8333": [1.7, 1, 1],
						"1.0": [1, 1, 1],
						"1.1667": [1, 1.4, 1],
						"1.25": [1, 1, 1],
						"1.3333": [2, 1, 1],
						"1.4167": [1, 1, 1],
						"1.5": [1, 1.5, 1]
					}
				},
				"head": {
					"rotation": {
						"0.0": [0, 0, 0],
						"0.375": [0, 60, 0],
						"0.4167": [0, -45, 0],
						"0.5": [0, 60, 0],
						"0.625": [0, -45, 0],
						"0.7083": [0, 60, 0],
						"0.8333": [0, -45, 0],
						"0.9167": [0, 60, 0],
						"1.0417": [0, -45, 0],
						"1.125": [0, 60, 0],
						"1.25": [0, -45, 0],
						"1.3333": [0, 60, 0],
						"1.4167": [0, -45, 0],
						"1.4583": [-25.40568, 27.67915, -36.69211]
					}
				}
			}
		}
	}
}